牧户,年份,人口数,经济年净收入,人均年净收入,放牧强度
1,2018,3,31.68,10.56,2.7583
1,2019,3,46.62,15.54,2.7222
1,2020,3,38.58,12.86,2.5639
2,2018,2,43.9,21.95,2.3
2,2019,2,48.39,24.195,2.1
2,2020,2,62.35,31.175,2
3,2018,2,77.85,38.925,6.0175
3,2019,2,84.675,42.3375,4.92
3,2020,2,89.675,44.8375,5.2075
4,2018,3,10,3.33,2.459
4,2019,3,10,3.33,2.459
4,2020,3,9,3,2.557
